<?xml version="1.0" encoding="UTF-8"?>
	<graphml xmlns="http://www.w3schools.com"
	xmlns:xsi="http://www.w3.org/2001/XMLSchema-instance"
	xsi:schemaLocation="wopanets_graph.xsd">
	<graph edgedefault="undirected">
<TRANS_CAPACITY>100000000</TRANS_CAPACITY>
		<technology>AFDX</technology>
		<duplexMode>FullDuplex</duplexMode>
		<qosClasseNum>2</qosClasseNum>
		<tabDyn>false</tabDyn>
		<frameStruct>false</frameStruct>
		<subVlMult>false</subVlMult>
		<flow  classId="AFDXFlow" id="AFDX Flow 1" lid="AFDX Flow 1" name="AFDX Flow 1" flowType="flow" disable="False">
			<flowName>AFDX Flow 1</flowName>
			<period>1.000000</period>
			<periodic>true</periodic>
			<payloadSizeMin>1000</payloadSizeMin>
			<payloadSizeMax>1000</payloadSizeMax>
			<sourceJitter>0.000000</sourceJitter>
			<jitterTolerance>Infinity</jitterTolerance>
			<deadline>1.000000</deadline>
			<FLOW_PRIORITY>Low</FLOW_PRIORITY>
			<vlid>0</vlid>
			<subvlid>0</subvlid>
			<id>AFDX Flow 1</id>
			<lid>AFDX Flow 1</lid>
			<multicast>true</multicast>
			<FLOW_COMPUTE_ID>-1</FLOW_COMPUTE_ID>
			<SELECTED_COLOR>-1</SELECTED_COLOR>
			<ROOTING_SKIPPING_SWITCHES>NONE</ROOTING_SKIPPING_SWITCHES>
			<ROOTING_SKIPPING_EDGES>NONE</ROOTING_SKIPPING_EDGES>
			<ROOTING_ALL_ROUTES>0</ROOTING_ALL_ROUTES>
			<HISTORY>2022/04/03 17:28 - Initial project creation[WoPANets SR:3.2.0]</HISTORY>
			<flowSource nodeId="AFDX Station 1" portNum="0"/>
			<flowTarget nodeId="AFDX Station 2" portNum="0" pending="False" redMode="MAIN">
				<path>AFDX Edge 1</path>
				<path>AFDX Edge 2</path>
				<path>AFDX Edge 3</path>
			</flowTarget>
		</flow>
	</graph>
</graphml>