<?xml version="1.0" encoding="UTF-8"?>
	<graphml xmlns="http://www.w3schools.com"
	xmlns:xsi="http://www.w3.org/2001/XMLSchema-instance"
	xsi:schemaLocation="wopanets_graph.xsd">
	<graph edgedefault="undirected">
		<TRANS_CAPACITY>100000000</TRANS_CAPACITY>
		<technology>AFDX</technology>
		<engine>null</engine>
		<engineOption>null</engineOption>
		<redundancy>false</redundancy>
		<GRAPH_TYPE>NONE</GRAPH_TYPE>
		<SHORTEST_PATH_POLICY>DIJKSTRA</SHORTEST_PATH_POLICY>
		<OPTMIZED_VARS></OPTMIZED_VARS>
		<defaultPerspective>WoPANetsRCP.perspectiveCalcul</defaultPerspective>
		<USE_TECHNO_PRIO>True</USE_TECHNO_PRIO>
		<PRIO_NUMBER>-1</PRIO_NUMBER>
		<name>ESSE</name>
		<description><![CDATA[]]></description>
		<duplexMode>FullDuplex</duplexMode>
		<qosClassNum>2</qosClassNum>
		<tabDyn>false</tabDyn>
		<frameStruct>false</frameStruct>
		<subVlMult>false</subVlMult>
		<node classId="AFDXSwitch" id="AFDX Switch 1" lid="AFDX Switch 1" name="AFDX Switch 1" nodeType="switch">
			<nodeName>AFDX Switch 1</nodeName>
			<portNumber>16</portNumber>
			<portOrganization>NONE</portOrganization>
			<transCapacity>100000000</transCapacity>
			<id>AFDX Switch 1</id>
			<lid>AFDX Switch 1</lid>
			<redundancyMode>MAIN</redundancyMode>
			<ServicePolicy>FIRST_IN_FIRST_OUT</ServicePolicy>
			<techLatency>0.000000</techLatency>
			<swTech>CUT_THROUGH</swTech>
			<weight>-1</weight>
			<outBuffer>65536</outBuffer>
			<tramesLimit>1024</tramesLimit>
			<nodeIP>-.-.-.-</nodeIP>
			<NODE_IMAGE>NONE</NODE_IMAGE>
			<IRS></IRS>
			<GROUPING_SWITCHES>NONE</GROUPING_SWITCHES>
			<HISTORY>2022/04/03 17:28 - Initial project creation[WoPANets SR:3.2.0]</HISTORY>
			<posX>176.000000</posX>
			<posY>80.000000</posY>
		</node>
		<node classId="AFDXSwitch" id="AFDX Switch 2" lid="AFDX Switch 2" name="AFDX Switch 2" nodeType="switch">
			<nodeName>AFDX Switch 2</nodeName>
			<portNumber>16</portNumber>
			<portOrganization>NONE</portOrganization>
			<transCapacity>100000000</transCapacity>
			<id>AFDX Switch 2</id>
			<lid>AFDX Switch 2</lid>
			<redundancyMode>MAIN</redundancyMode>
			<ServicePolicy>FIRST_IN_FIRST_OUT</ServicePolicy>
			<techLatency>0.000000</techLatency>
			<swTech>CUT_THROUGH</swTech>
			<weight>-1</weight>
			<outBuffer>65536</outBuffer>
			<tramesLimit>1024</tramesLimit>
			<nodeIP>-.-.-.-</nodeIP>
			<NODE_IMAGE>NONE</NODE_IMAGE>
			<IRS></IRS>
			<GROUPING_SWITCHES>NONE</GROUPING_SWITCHES>
			<HISTORY>2022/04/03 17:28 - Initial project creation[WoPANets SR:3.2.0]</HISTORY>
			<posX>272.000000</posX>
			<posY>80.000000</posY>
		</node>
		<node classId="AFDXStation" id="AFDX Station 1" lid="AFDX Station 1" name="AFDX Station 1" nodeType="station">
			<nodeName>AFDX Station 1</nodeName>
			<portNumber>1</portNumber>
			<portOrganization>NONE</portOrganization>
			<transCapacity>100000000</transCapacity>
			<id>AFDX Station 1</id>
			<lid>AFDX Station 1</lid>
			<redundancyMode>BOTH</redundancyMode>
			<ServicePolicy>FIRST_IN_FIRST_OUT</ServicePolicy>
			<subvlMult>Disabled</subvlMult>
			<subvlMultPolicy>ROUND_ROBIN</subvlMultPolicy>
			<datapacking>Off</datapacking>
			<dpStrategy>NONE</dpStrategy>
			<framestructure>Implicit</framestructure>
			<NODE_IMAGE>NONE</NODE_IMAGE>
			<GROUPING_SWITCHES>NONE</GROUPING_SWITCHES>
			<HISTORY>2022/04/03 17:28 - Initial project creation[WoPANets SR:3.2.0]</HISTORY>
			<posX>48.000000</posX>
			<posY>48.000000</posY>
		</node>
		<node classId="AFDXStation" id="AFDX Station 2" lid="AFDX Station 2" name="AFDX Station 2" nodeType="station">
			<nodeName>AFDX Station 2</nodeName>
			<portNumber>1</portNumber>
			<portOrganization>NONE</portOrganization>
			<transCapacity>100000000</transCapacity>
			<id>AFDX Station 2</id>
			<lid>AFDX Station 2</lid>
			<redundancyMode>BOTH</redundancyMode>
			<ServicePolicy>FIRST_IN_FIRST_OUT</ServicePolicy>
			<subvlMult>Disabled</subvlMult>
			<subvlMultPolicy>ROUND_ROBIN</subvlMultPolicy>
			<datapacking>Off</datapacking>
			<dpStrategy>NONE</dpStrategy>
			<framestructure>Implicit</framestructure>
			<NODE_IMAGE>NONE</NODE_IMAGE>
			<GROUPING_SWITCHES>NONE</GROUPING_SWITCHES>
			<HISTORY>2022/04/03 17:28 - Initial project creation[WoPANets SR:3.2.0]</HISTORY>
			<posX>400.000000</posX>
			<posY>112.000000</posY>
		</node>
		<edge classId="AFDXEdge" id="AFDX Edge 1" lid="AFDX Edge 1" name="AFDX Edge 1" edgeType="link">
			<edgeSource nodeId="AFDX Station 1" portNum="0"/>
			<edgeTarget nodeId="AFDX Switch 1" portNum="0"/>
			<edgeName>AFDX Edge 1</edgeName>
			<transCapacity>100000000</transCapacity>
			<edgeFrom>AFDX Station 1</edgeFrom>
			<edgeTo>AFDX Switch 1</edgeTo>
			<portFrom>0</portFrom>
			<portTo>0</portTo>
			<id>AFDX Edge 1</id>
			<lid>AFDX Edge 1</lid>
			<edgeUsageDirect>-1</edgeUsageDirect>
			<edgeUsageReverse>-1</edgeUsageReverse>
			<redundancyMode>MAIN</redundancyMode>
			<duplexMode>FULL_DUPLEX</duplexMode>
			<HISTORY>2022/04/03 17:28 - Initial project creation[WoPANets SR:3.2.0]</HISTORY>
		</edge>
		<edge classId="AFDXEdge" id="AFDX Edge 2" lid="AFDX Edge 2" name="AFDX Edge 2" edgeType="link">
			<edgeSource nodeId="AFDX Switch 1" portNum="1"/>
			<edgeTarget nodeId="AFDX Switch 2" portNum="0"/>
			<edgeName>AFDX Edge 2</edgeName>
			<transCapacity>100000000</transCapacity>
			<edgeFrom>AFDX Switch 1</edgeFrom>
			<edgeTo>AFDX Switch 2</edgeTo>
			<portFrom>1</portFrom>
			<portTo>0</portTo>
			<id>AFDX Edge 2</id>
			<lid>AFDX Edge 2</lid>
			<edgeUsageDirect>-1</edgeUsageDirect>
			<edgeUsageReverse>-1</edgeUsageReverse>
			<redundancyMode>MAIN</redundancyMode>
			<duplexMode>FULL_DUPLEX</duplexMode>
			<HISTORY>2022/04/03 17:28 - Initial project creation[WoPANets SR:3.2.0]</HISTORY>
		</edge>
		<edge classId="AFDXEdge" id="AFDX Edge 3" lid="AFDX Edge 3" name="AFDX Edge 3" edgeType="link">
			<edgeSource nodeId="AFDX Switch 2" portNum="1"/>
			<edgeTarget nodeId="AFDX Station 2" portNum="0"/>
			<edgeName>AFDX Edge 3</edgeName>
			<transCapacity>100000000</transCapacity>
			<edgeFrom>AFDX Switch 2</edgeFrom>
			<edgeTo>AFDX Station 2</edgeTo>
			<portFrom>1</portFrom>
			<portTo>0</portTo>
			<id>AFDX Edge 3</id>
			<lid>AFDX Edge 3</lid>
			<edgeUsageDirect>-1</edgeUsageDirect>
			<edgeUsageReverse>-1</edgeUsageReverse>
			<redundancyMode>MAIN</redundancyMode>
			<duplexMode>FULL_DUPLEX</duplexMode>
			<HISTORY>2022/04/03 17:28 - Initial project creation[WoPANets SR:3.2.0]</HISTORY>
		</edge>
	</graph>
</graphml>