<?xml version="1.0" encoding="UTF-8"?>
<graph>
<maxBacklogs>
<node id="AFDX Switch 1" name="AFDX Switch 1">
<portNumber id="1">1159.0</portNumber>
</node>
<node id="AFDX Switch 2" name="AFDX Switch 2">
<portNumber id="1">1257.0</portNumber>
</node>
</maxBacklogs>
<maxDelays>
<flow id="AFDX Flow 1" name="AFDX Flow 1">
<target id="AFDX Station 2" name="AFDX Station 2">279</target>
</flow>
</maxDelays>
<sinkJitters>
<flow id="AFDX Flow 1" name="AFDX Flow 1">
<target id="AFDX Station 2" name="AFDX Station 2">170</target>
</flow>
</sinkJitters>
<linkLoad>
<edge id="AFDX Edge 2" name="AFDX Edge 2">
<direct>8536000.0</direct>
<reverse>0.0</reverse>
</edge>
<edge id="AFDX Edge 3" name="AFDX Edge 3">
<direct>8536000.0</direct>
<reverse>0.0</reverse>
</edge>
<edge id="AFDX Edge 1" name="AFDX Edge 1">
<direct>8536000.0</direct>
<reverse>0.0</reverse>
</edge>
</linkLoad>
<maxLossRates>
<temporalConstraints>0.0</temporalConstraints>
<overflow>no</overflow>
</maxLossRates>
</graph>